Los juegos del hambre: En llamas,3,99
Los juegos del hambre: En llamas,3,99
Beat That! Juego de Mesa - El divertidísimo Pruebas locas, para Niños y Adultos - para todas las Ocasiones, Navidad, Año Nuevo, Noche de juegos y otras Fiestas,17,99
Beat That! Juego de Mesa - El divertidísimo Pruebas locas, para Niños y Adultos - para todas las Ocasiones, Navidad, Año Nuevo, Noche de juegos y otras Fiestas,17,99
Beat That! Juego de Mesa - El divertidísimo Pruebas locas, para Niños y Adultos - para todas las Ocasiones, Navidad, Año Nuevo, Noche de juegos y otras Fiestas,17,99
Ready Player One,3,99
Beat That! Juego de Mesa - El divertidísimo Pruebas locas, para Niños y Adultos - para todas las Ocasiones, Navidad, Año Nuevo, Noche de juegos y otras Fiestas,17,99
Juego De Asesinos,3,99
Mattel Games Whac-a-mole juego de mesa con luces y sonidos, juego para niños y niñas +4 años (Mattel GVD47),27,13
Mattel Games Whac-a-mole juego de mesa con luces y sonidos, juego para niños y niñas +4 años (Mattel GVD47),27,13
Hasbro Gaming- Risk Dragones (E9402105) [Exclusiva Amazon], a partir de 10 años.,37,50
Mattel Games Juego de cartas UNO, Coleccionable, juego de mesa en lata para niños +7 años (Mattel HGB63), Exclusivo en Amazon,15,99
Think Fun - Rush Hour Ultimate Collector’s Edition, Juego de Lógica y Ctim para Niños y Niñas, Edad Recomendada 8+ , 76423, Exclusivo en Amazon,44,75
Spin Master Games 6063769 BGM FGM Hedbanz Blastoff EGE, Exclusivo en Amazon,6,61
[Exclusivo en Amazon] Zygomatic Dobble Classic Blister Eco - Juego de Cartas en Español y Portugués, 7+ años,11,99
Zygomatic- Dobble Pixar - Juego de cartas en Español - Exclusivo en Amazon, Color (DOBPIX01ES), a partir de 6 años.,14,99
Zygomatic - Dobble - Marvel Emoji, 7+ años [Exclusivo Amazon],15,99
Aquamarine Games-La torre de colores, Miscelanea, 7 a 99 años (Compudid CP006),8,99
Hasbro Gaming Juego de Mesa clásico Hundir la Flota, Juego de Estrategia a Partir de 7 años, Divertido Juego Infantil para 2 Jugadores,21,25
Smart Games - IQ Puzzler Pro, Puzzle Game with 120 Challenges, 3 Playing Modes, 8+ Years,12,90
Mattel Games UNO Original - Juego de Cartas Familiar - Clásico - Baraja Multicolor de 112 Cartas - De 2 a 10 Jugadores - Para Niños y Adultos - Regalo para 7+ Años,9,85
Falomir-¿Qué soy yo Juego de Mesa, 7+ años, Multicolor, única (9506),10,00
Dobble - Juego de Cartas en Español y Portugués,14,95
Tranjis Games - Virus! - Juego de cartas, 8 a 99 años (TRG-01vir),12,69
Juego de patriotas,2,99
Oh Happy Games - El Embustero - ¿Conseguirás desenmascararlo? ¡Faroles, Creatividad, Juegos de Palabras y sospechas! Juego de Mesa - Familiar, Adultos y Chicos,19,99
Ludilo - Color Fox | Juegos De Mesa Niños 6 Años O Más | Juegos De Cartas | Juegos De Mesa | Juegos Educativos 6 Años O Más | Juegos De Viaje | Juegos Mesa,14,99
Doble juego,3,99
Nintendo Switch Sports,39,99
Sherlock Holmes: Juego de sombras,3,99
Jumbo - Vamps, Juego de mesa Familiar de cartas a partir de 6 años,9,91
Juego de Espías,3,99
Ludilo - Taco, Gato, Cabra, Queso, Pizza, Juegos De Mesa Para Niños De 8 Años O Más, Juegos De Cartas, Juegos Familiares, Juego Educativo, Regalos Para Niños,13,90
GUATAFAMILY - Juegos de Mesa - El Juego Ideal para Reír en Familia - Adultos y Niñ@s - Más de 1 Millón de Jugadores - Momentos Inolvidables en Familia,24,99
Noche de juegos,3,99
PLAY FUN BY IMC TOYS Bongo Tongo | Juego de Cartas estratégico bajo una temática Prehistórica para niños y niñas +6 Años - De 2 a 6 Jugadores,9,99
Mattel Games Monos Locos, juegos de mesa para niños (Mattel 52563),23,79
EACHHAHA Magic Block Game Juego de competición Juego de Mesa para Dos Personas Juego Interactivo para Padres e Hijos Juego Educativo para niños,15,99
